رقم_المنتج,اسم_المنتج,الكمية_المباعة,التقييم_العام,عدد_التقييمات,نسبة_المرتجعات_٪,السعر_بالجنيه
PRD0001,هاتف ذكي,299,2.9,147,9.1,غير متاح
PRD0002,ميكروويف,269,4.8,86,5.8,1689.52
PRD0003,ميكروويف,165,1.0,63,4.3,2692.65
PRD0004,غسالة,144,3.2,غير متاح,غير متاح,5247.42
PRD0005,ميكروويف,67,1.8,144,0.7,1783.54
PRD0006,لوحة مفاتيح,435,1.4,96,7.4,غير متاح
PRD0007,ثلاجة,181,1.0,138,6.1,10802.96
PRD0008,ثلاجة,120,4.1,93,6.0,8982.32
PRD0009,طابعة ليزر,119,3.7,113,2.1,2348.12
PRD0010,ساعة ذكية,118,3.7,غير متاح,5.5,3816.42
PRD0011,تلفاز ذكي,426,4.7,59,غير متاح,19312.44
PRD0012,غسالة,389,3.9,191,6.5,غير متاح
PRD0013,غسالة,76,2.2,79,2.9,غير متاح
PRD0014,غسالة,322,3.4,164,6.5,10581.39
PRD0015,طابعة ليزر,340,3.1,81,8.7,3363.5
PRD0016,سماعات بلوتوث,405,2.7,144,6.5,1375.98
PRD0017,هاتف ذكي,500,4.4,158,4.2,15229.09
PRD0018,ميكروويف,غير متاح,2.4,173,6.5,3115.36
PRD0019,تلفاز ذكي,57,4.4,151,5.5,25759.89
PRD0020,لوحة مفاتيح,472,4.6,117,4.6,غير متاح
PRD0021,حاسوب محمول,477,2.8,87,6.3,29940.25
PRD0022,ساعة ذكية,غير متاح,2.2,110,1.8,3410.29
PRD0023,ثلاجة,248,3.4,70,1.5,7760.39
PRD0024,غسالة,79,3.9,155,7.3,6048.95
PRD0025,تلفاز ذكي,غير متاح,4.6,23,1.8,7394.65
PRD0026,هاتف ذكي,103,2.6,61,7.2,3504.64
PRD0027,تلفاز ذكي,273,2.1,187,6.5,24051.05
PRD0028,غسالة,80,4.2,134,0.5,غير متاح
PRD0029,تلفاز ذكي,204,1.3,29,5.0,8709.61
PRD0030,لوحة مفاتيح,282,1.2,33,1.8,696.78
PRD0031,ميكروويف,120,2.8,54,6.0,3473.57
PRD0032,هاتف ذكي,390,4.7,63,4.8,13969.61
PRD0033,سماعات بلوتوث,415,3.2,21,3.1,918.91
PRD0034,ساعة ذكية,342,غير متاح,155,6.2,3540.97
PRD0035,سماعات بلوتوث,غير متاح,2.5,172,5.3,1197.13
PRD0036,هاتف ذكي,غير متاح,غير متاح,143,9.9,غير متاح
PRD0037,هاتف ذكي,438,1.0,155,6.3,15658.99
PRD0038,ميكروويف,335,2.3,162,غير متاح,848.12
PRD0039,ثلاجة,367,3.4,130,غير متاح,10789.04
PRD0040,ميكروويف,421,1.4,37,4.7,2445.73
PRD0041,مكيف هواء,393,4.0,139,4.8,14438.19
PRD0042,حاسوب محمول,66,2.5,148,2.5,غير متاح
PRD0043,سماعات بلوتوث,343,4.9,89,3.6,غير متاح
PRD0044,ميكروويف,164,1.2,138,8.8,713.8
PRD0045,تلفاز ذكي,58,2.3,33,غير متاح,7745.9
PRD0046,هاتف ذكي,غير متاح,غير متاح,73,غير متاح,16732.87
PRD0047,حاسوب محمول,144,4.8,71,3.9,15873.6
PRD0048,ميكروويف,غير متاح,3.4,187,2.1,1193.87
PRD0049,هاتف ذكي,339,2.2,133,2.0,11530.04
PRD0050,حاسوب محمول,82,2.5,92,5.8,20116.55
PRD0051,هاتف ذكي,257,1.7,168,5.3,19633.83
PRD0052,غسالة,غير متاح,2.4,200,غير متاح,9310.42
PRD0053,غسالة,غير متاح,2.3,125,8.9,5679.78
PRD0054,ساعة ذكية,466,4.7,41,5.5,4297.23
PRD0055,غسالة,453,غير متاح,186,9.0,5802.16
PRD0056,لوحة مفاتيح,95,2.1,غير متاح,7.2,غير متاح
PRD0057,ثلاجة,70,3.1,154,4.1,7872.28
PRD0058,هاتف ذكي,362,2.6,غير متاح,9.1,16018.74
PRD0059,تلفاز ذكي,422,2.9,103,8.2,6300.48
PRD0060,لوحة مفاتيح,195,1.3,111,8.8,114.69
PRD0061,ثلاجة,غير متاح,1.1,غير متاح,9.9,15010.96
PRD0062,ساعة ذكية,396,2.7,98,4.2,1014.98
PRD0063,طابعة ليزر,385,3.8,154,1.4,1635.91
PRD0064,لوحة مفاتيح,369,4.4,165,غير متاح,554.16
PRD0065,غسالة,200,4.9,131,2.2,3685.57
PRD0066,ساعة ذكية,291,3.0,118,7.2,1165.29
PRD0067,سماعات بلوتوث,400,4.3,147,5.8,1924.98
PRD0068,لوحة مفاتيح,307,4.4,74,9.4,427.78
PRD0069,هاتف ذكي,465,4.8,192,2.5,19006.5
PRD0070,كاميرا رقمية,189,3.0,30,8.7,3201.14
PRD0071,ساعة ذكية,286,4.1,126,4.9,4705.29
PRD0072,تلفاز ذكي,312,4.0,64,9.9,غير متاح
PRD0073,كاميرا رقمية,71,1.8,143,2.7,9264.27
PRD0074,مكيف هواء,84,3.8,177,5.1,غير متاح
PRD0075,ساعة ذكية,109,1.6,110,5.0,2738.89
PRD0076,ميكروويف,130,2.7,35,9.2,3919.26
PRD0077,حاسوب محمول,320,3.0,124,2.2,23454.37
PRD0078,تلفاز ذكي,104,1.6,64,4.8,11568.42
PRD0079,هاتف ذكي,62,2.8,49,5.7,3577.83
PRD0080,ثلاجة,422,1.4,116,غير متاح,5875.95
PRD0081,لوحة مفاتيح,299,3.6,148,9.3,604.31
PRD0082,مكيف هواء,77,1.9,غير متاح,8.7,22799.54
PRD0083,طابعة ليزر,غير متاح,3.0,192,9.1,2765.41
PRD0084,لوحة مفاتيح,467,2.5,149,9.0,769.33
PRD0085,ميكروويف,350,1.0,36,8.0,1792.74
PRD0086,هاتف ذكي,287,1.7,96,7.2,13588.84
PRD0087,ميكروويف,81,2.4,غير متاح,7.1,2654.77
PRD0088,سماعات بلوتوث,178,1.8,94,1.1,1135.33
PRD0089,حاسوب محمول,231,3.2,غير متاح,8.5,8751.86
PRD0090,غسالة,98,2.9,153,غير متاح,14663.69
PRD0091,غسالة,476,3.2,195,7.8,3295.58
PRD0092,ميكروويف,56,غير متاح,182,3.4,1119.31
PRD0093,ساعة ذكية,102,2.6,171,9.7,غير متاح
PRD0094,طابعة ليزر,344,4.8,45,1.8,غير متاح
PRD0095,ثلاجة,118,1.2,154,6.9,10479.9
PRD0096,لوحة مفاتيح,419,2.6,190,5.4,705.3
PRD0097,كاميرا رقمية,456,4.5,129,3.9,9993.12
PRD0098,تلفاز ذكي,414,5.0,174,4.4,20059.67
PRD0099,ثلاجة,482,2.5,157,2.0,9662.72
PRD0100,لوحة مفاتيح,366,4.8,غير متاح,6.2,744.91
PRD0101,ساعة ذكية,278,4.2,غير متاح,8.2,1753.37
PRD0102,تلفاز ذكي,209,غير متاح,73,4.2,15629.96
PRD0103,تلفاز ذكي,500,1.6,102,3.3,23003.58
PRD0104,ميكروويف,غير متاح,4.4,94,غير متاح,3720.07
PRD0105,سماعات بلوتوث,77,1.3,112,6.9,1329.08
PRD0106,ثلاجة,162,1.2,171,5.3,5043.83
PRD0107,ميكروويف,192,3.5,28,1.6,754.04
PRD0108,تلفاز ذكي,405,3.9,117,7.1,35946.09
PRD0109,ميكروويف,200,3.0,26,6.0,3807.97
PRD0110,ثلاجة,401,3.3,61,8.0,11248.6
PRD0111,ميكروويف,429,غير متاح,غير متاح,3.1,غير متاح
PRD0112,ثلاجة,357,4.4,127,1.1,14940.38
PRD0113,تلفاز ذكي,250,2.4,178,4.6,16513.71
PRD0114,لوحة مفاتيح,399,2.8,28,7.5,639.85
PRD0115,ثلاجة,119,غير متاح,186,8.2,5137.2
PRD0116,سماعات بلوتوث,297,1.8,89,1.2,1369.8
PRD0117,حاسوب محمول,226,3.3,144,5.0,13675.38
PRD0118,كاميرا رقمية,490,3.0,39,1.0,3525.91
PRD0119,لوحة مفاتيح,338,3.3,120,9.3,525.5
PRD0120,ساعة ذكية,377,4.4,46,4.2,3799.62
PRD0121,تلفاز ذكي,485,4.0,148,6.1,31683.12
PRD0122,هاتف ذكي,غير متاح,1.4,غير متاح,2.9,10407.48
PRD0123,ساعة ذكية,غير متاح,3.8,غير متاح,6.3,2637.36
PRD0124,كاميرا رقمية,299,3.0,135,4.3,غير متاح
PRD0125,سماعات بلوتوث,65,2.8,79,7.3,1234.33
PRD0126,ساعة ذكية,487,غير متاح,157,7.8,غير متاح
PRD0127,مكيف هواء,280,2.3,165,غير متاح,14020.27
PRD0128,سماعات بلوتوث,غير متاح,2.2,33,1.9,غير متاح
PRD0129,كاميرا رقمية,199,2.4,149,5.2,13821.04
PRD0130,تلفاز ذكي,474,4.5,غير متاح,5.1,33517.5
PRD0131,سماعات بلوتوث,289,3.6,141,4.1,1173.77
PRD0132,كاميرا رقمية,374,3.3,121,1.6,9222.24
PRD0133,ساعة ذكية,غير متاح,2.6,غير متاح,2.5,2131.04
PRD0134,ثلاجة,176,4.9,108,4.5,17174.63
PRD0135,لوحة مفاتيح,277,2.5,109,7.5,268.37
PRD0136,تلفاز ذكي,58,غير متاح,114,8.4,29311.07
PRD0137,لوحة مفاتيح,119,غير متاح,122,3.2,153.26
PRD0138,غسالة,78,2.4,197,8.1,6312.64
PRD0139,هاتف ذكي,444,3.2,65,5.2,8930.73
PRD0140,سماعات بلوتوث,450,3.2,107,1.5,1097.93
PRD0141,سماعات بلوتوث,181,4.0,109,6.6,1249.17
PRD0142,ميكروويف,221,5.0,غير متاح,7.2,3537.75
PRD0143,كاميرا رقمية,278,3.4,188,غير متاح,8596.48
PRD0144,لوحة مفاتيح,51,2.1,49,4.5,غير متاح
PRD0145,حاسوب محمول,84,4.1,180,8.3,26893.67
PRD0146,سماعات بلوتوث,254,4.2,159,6.9,1553.54
PRD0147,مكيف هواء,130,غير متاح,99,8.7,21735.36
PRD0148,تلفاز ذكي,104,3.6,126,1.8,38919.77
PRD0149,تلفاز ذكي,351,1.7,غير متاح,4.0,4175.22
PRD0150,لوحة مفاتيح,غير متاح,1.3,146,غير متاح,624.68
PRD0151,حاسوب محمول,466,1.1,65,غير متاح,18012.8
PRD0152,حاسوب محمول,102,1.1,غير متاح,6.3,27157.4
PRD0153,ثلاجة,500,غير متاح,غير متاح,9.9,18682.55
PRD0154,ميكروويف,385,4.6,غير متاح,2.4,3857.35
PRD0155,تلفاز ذكي,غير متاح,3.4,84,غير متاح,4426.08
PRD0156,ثلاجة,346,غير متاح,119,5.9,13396.4
PRD0157,هاتف ذكي,485,2.7,76,6.6,غير متاح
PRD0158,طابعة ليزر,202,2.9,92,غير متاح,1695.23
PRD0159,هاتف ذكي,453,4.1,75,4.5,9826.23
PRD0160,ثلاجة,192,1.1,110,3.0,13574.83
PRD0161,ساعة ذكية,156,2.8,98,3.4,4119.93
PRD0162,هاتف ذكي,491,غير متاح,171,9.6,18656.87
PRD0163,غسالة,326,4.5,35,4.0,8668.15
PRD0164,كاميرا رقمية,288,4.4,65,غير متاح,غير متاح
PRD0165,ثلاجة,419,1.3,169,8.4,6796.38
PRD0166,سماعات بلوتوث,69,غير متاح,182,1.8,586.08
PRD0167,مكيف هواء,269,2.3,43,6.6,8692.68
PRD0168,لوحة مفاتيح,84,1.2,غير متاح,2.6,536.43
PRD0169,ميكروويف,380,3.7,190,2.7,غير متاح
PRD0170,مكيف هواء,261,2.4,193,1.6,14201.49
PRD0171,ميكروويف,200,1.7,158,4.7,630.62
PRD0172,ساعة ذكية,165,1.6,74,4.7,1464.15
PRD0173,غسالة,469,2.4,126,1.0,3245.53
PRD0174,مكيف هواء,137,5.0,غير متاح,10.0,16320.72
PRD0175,ميكروويف,349,1.8,67,3.3,2242.37
PRD0176,مكيف هواء,170,4.9,غير متاح,6.9,27268.42
PRD0177,طابعة ليزر,243,4.0,110,7.1,921.84
PRD0178,ثلاجة,332,4.6,88,8.1,15853.83
PRD0179,طابعة ليزر,غير متاح,3.4,غير متاح,4.3,2780.85
PRD0180,كاميرا رقمية,426,4.6,58,9.4,12926.89
PRD0181,ميكروويف,343,2.4,42,2.2,2913.72
PRD0182,ساعة ذكية,202,3.1,85,8.6,944.27
PRD0183,ساعة ذكية,73,غير متاح,24,5.2,2757.5
PRD0184,غسالة,293,1.9,187,1.1,غير متاح
PRD0185,حاسوب محمول,65,غير متاح,127,2.7,9205.09
PRD0186,غسالة,417,4.9,199,8.2,11900.25
PRD0187,مكيف هواء,260,1.5,108,6.3,23588.63
PRD0188,هاتف ذكي,451,1.5,134,1.2,7613.35
PRD0189,طابعة ليزر,427,1.6,غير متاح,5.7,954.33
PRD0190,هاتف ذكي,83,2.4,126,8.9,14355.62
PRD0191,غسالة,167,1.6,93,1.9,3383.12
PRD0192,مكيف هواء,193,2.3,135,غير متاح,10878.64
PRD0193,سماعات بلوتوث,59,4.4,63,6.1,1823.26
PRD0194,طابعة ليزر,259,3.8,107,4.9,1901.24
PRD0195,ساعة ذكية,224,1.1,122,0.8,1141.34
PRD0196,غسالة,52,2.3,75,8.7,4674.09
PRD0197,سماعات بلوتوث,187,2.1,غير متاح,8.5,غير متاح
PRD0198,كاميرا رقمية,367,4.3,65,8.2,8726.26
PRD0199,كاميرا رقمية,229,1.8,129,2.4,غير متاح
PRD0200,طابعة ليزر,446,1.2,64,8.1,4596.28
PRD0201,غسالة,283,2.1,78,7.7,13439.86
PRD0202,حاسوب محمول,452,1.3,21,2.1,21610.6
PRD0203,تلفاز ذكي,190,2.9,118,9.5,31443.82
PRD0204,ثلاجة,غير متاح,3.3,186,4.3,6496.54
PRD0205,سماعات بلوتوث,غير متاح,1.9,غير متاح,غير متاح,1912.92
PRD0206,كاميرا رقمية,146,3.4,36,3.6,13132.07
PRD0207,طابعة ليزر,337,4.5,110,7.7,2383.74
PRD0208,طابعة ليزر,322,4.6,180,3.8,1745.62
PRD0209,تلفاز ذكي,335,1.0,101,6.0,23213.98
PRD0210,حاسوب محمول,102,2.0,190,0.8,27883.1
PRD0211,حاسوب محمول,100,1.0,140,5.0,29901.14
PRD0212,ساعة ذكية,375,1.4,75,9.8,592.94
PRD0213,ساعة ذكية,328,غير متاح,170,غير متاح,1932.99
PRD0214,غسالة,198,1.9,198,9.3,12352.75
PRD0215,سماعات بلوتوث,255,1.2,161,غير متاح,1631.97
PRD0216,ساعة ذكية,499,3.1,غير متاح,8.9,1908.95
PRD0217,ثلاجة,304,1.9,75,2.6,14273.96
PRD0218,ساعة ذكية,340,4.7,46,غير متاح,2027.89
PRD0219,تلفاز ذكي,350,3.8,119,8.2,38870.74
PRD0220,ميكروويف,495,4.2,82,8.8,3162.98
PRD0221,ساعة ذكية,492,2.9,85,غير متاح,3115.04
PRD0222,ساعة ذكية,181,2.6,28,4.6,2916.65
PRD0223,طابعة ليزر,254,غير متاح,41,9.5,1001.29
PRD0224,كاميرا رقمية,311,4.5,81,5.5,7989.54
PRD0225,ثلاجة,غير متاح,2.1,146,8.2,7150.43
PRD0226,هاتف ذكي,171,4.1,35,1.7,7596.78
PRD0227,ميكروويف,135,3.1,83,3.9,1717.54
PRD0228,ميكروويف,215,غير متاح,45,9.9,3845.08
PRD0229,هاتف ذكي,99,3.3,116,4.7,غير متاح
PRD0230,طابعة ليزر,غير متاح,4.7,130,6.8,944.54
PRD0231,غسالة,225,4.9,36,5.2,10721.03
PRD0232,لوحة مفاتيح,402,2.8,200,3.4,186.95
PRD0233,هاتف ذكي,219,3.1,182,2.4,12231.78
PRD0234,لوحة مفاتيح,377,3.3,49,5.0,382.96
PRD0235,غسالة,390,2.5,120,8.6,غير متاح
PRD0236,طابعة ليزر,غير متاح,4.8,117,4.2,2803.62
PRD0237,تلفاز ذكي,358,4.1,104,غير متاح,7291.3
PRD0238,مكيف هواء,132,1.5,59,3.0,غير متاح
PRD0239,مكيف هواء,226,2.7,40,غير متاح,16956.03
PRD0240,مكيف هواء,434,4.1,172,6.8,22499.47
PRD0241,ثلاجة,381,4.7,108,6.7,5567.47
PRD0242,حاسوب محمول,238,3.2,190,9.2,28240.31
PRD0243,غسالة,276,غير متاح,غير متاح,2.3,12335.67
PRD0244,غسالة,286,1.8,78,1.9,7142.24
PRD0245,ثلاجة,423,1.3,153,7.7,6912.21
PRD0246,سماعات بلوتوث,411,4.0,37,غير متاح,1689.69
PRD0247,ساعة ذكية,231,2.0,29,8.2,1760.64
PRD0248,ميكروويف,365,1.6,88,9.4,2235.45
PRD0249,غسالة,354,2.2,150,9.4,3160.67
PRD0250,تلفاز ذكي,غير متاح,3.8,155,2.5,33972.28
PRD0251,لوحة مفاتيح,288,1.5,79,7.3,672.68
PRD0252,تلفاز ذكي,283,1.7,101,6.1,35400.33
PRD0253,غسالة,454,2.1,100,غير متاح,4643.89
PRD0254,تلفاز ذكي,482,4.5,66,7.0,33423.6
PRD0255,غسالة,423,1.4,112,8.8,12752.21
PRD0256,هاتف ذكي,430,2.4,غير متاح,7.8,4911.21
PRD0257,ساعة ذكية,431,4.8,166,7.0,1874.71
PRD0258,غسالة,غير متاح,1.3,169,غير متاح,8517.78
PRD0259,ثلاجة,378,3.6,118,5.5,13929.91
PRD0260,هاتف ذكي,108,3.3,168,6.2,3686.25
PRD0261,هاتف ذكي,82,4.4,138,1.9,4953.7
PRD0262,مكيف هواء,216,4.6,181,8.6,17114.32
PRD0263,طابعة ليزر,424,2.4,47,2.8,4695.77
PRD0264,كاميرا رقمية,212,2.2,55,10.0,11001.72
PRD0265,كاميرا رقمية,146,3.4,غير متاح,4.1,1188.52
PRD0266,ساعة ذكية,غير متاح,4.9,151,9.2,4287.15
PRD0267,مكيف هواء,203,4.1,137,غير متاح,10795.0
PRD0268,سماعات بلوتوث,108,1.1,189,8.2,812.28
PRD0269,سماعات بلوتوث,غير متاح,غير متاح,84,غير متاح,423.81
PRD0270,ميكروويف,294,2.7,185,6.7,3577.68
PRD0271,تلفاز ذكي,231,غير متاح,غير متاح,5.0,37022.73
PRD0272,لوحة مفاتيح,189,4.9,51,1.6,768.37
PRD0273,كاميرا رقمية,78,3.5,64,8.9,غير متاح
PRD0274,غسالة,258,1.6,115,3.9,غير متاح
PRD0275,غسالة,109,غير متاح,198,9.6,11059.79
PRD0276,طابعة ليزر,366,4.7,119,9.3,4219.91
PRD0277,ساعة ذكية,427,2.9,198,4.7,1537.95
PRD0278,سماعات بلوتوث,363,2.5,غير متاح,7.4,1320.2
PRD0279,سماعات بلوتوث,99,4.5,54,1.4,1920.12
PRD0280,ثلاجة,454,4.1,148,9.5,11725.77
PRD0281,مكيف هواء,431,2.5,52,8.2,17562.18
PRD0282,حاسوب محمول,261,1.3,48,5.4,26717.2
PRD0283,سماعات بلوتوث,غير متاح,3.5,113,1.0,1408.6
PRD0284,حاسوب محمول,93,3.7,176,غير متاح,19736.09
PRD0285,طابعة ليزر,396,3.5,163,غير متاح,3702.94
PRD0286,طابعة ليزر,258,1.6,172,6.9,1167.27
PRD0287,ثلاجة,467,3.4,50,2.1,11006.46
PRD0288,لوحة مفاتيح,غير متاح,4.0,غير متاح,2.2,126.92
PRD0289,ميكروويف,278,2.8,50,1.1,959.28
PRD0290,سماعات بلوتوث,150,4.0,71,1.6,645.87
PRD0291,لوحة مفاتيح,222,2.2,99,6.7,684.01
PRD0292,تلفاز ذكي,121,1.6,73,5.4,12032.31
PRD0293,ساعة ذكية,111,1.2,183,غير متاح,غير متاح
PRD0294,كاميرا رقمية,71,غير متاح,106,غير متاح,10480.28
PRD0295,طابعة ليزر,420,غير متاح,غير متاح,8.2,2901.22
PRD0296,ساعة ذكية,290,1.1,96,3.0,غير متاح
PRD0297,ساعة ذكية,235,1.3,173,3.0,1730.25
PRD0298,ميكروويف,170,1.3,149,غير متاح,1341.43
PRD0299,تلفاز ذكي,197,1.4,130,4.5,21356.89
PRD0300,هاتف ذكي,80,1.3,غير متاح,7.7,6514.99
PRD0301,حاسوب محمول,120,1.5,53,غير متاح,29983.91
PRD0302,هاتف ذكي,275,4.2,150,7.0,غير متاح
PRD0303,ميكروويف,194,4.7,76,4.8,1144.19
PRD0304,كاميرا رقمية,غير متاح,3.7,164,9.7,غير متاح
PRD0305,تلفاز ذكي,329,3.5,79,غير متاح,27070.67
PRD0306,ميكروويف,83,2.9,168,7.1,2790.1
PRD0307,كاميرا رقمية,68,4.1,118,2.1,6575.97
PRD0308,ميكروويف,143,3.4,127,4.3,غير متاح
PRD0309,كاميرا رقمية,118,4.8,غير متاح,8.0,13227.7
PRD0310,ساعة ذكية,58,1.7,55,5.1,4171.25
PRD0311,ساعة ذكية,279,4.7,122,5.5,2396.77
PRD0312,غسالة,453,3.8,189,9.0,3058.17
PRD0313,غسالة,231,1.1,194,2.3,13353.74
PRD0314,سماعات بلوتوث,185,3.9,133,غير متاح,812.77
PRD0315,كاميرا رقمية,493,1.5,155,غير متاح,12867.46
PRD0316,مكيف هواء,170,3.5,143,غير متاح,12473.4
PRD0317,مكيف هواء,473,4.1,غير متاح,5.4,28042.87
PRD0318,تلفاز ذكي,461,1.1,144,4.0,26472.43
PRD0319,ثلاجة,439,1.6,138,5.7,9220.4
PRD0320,ساعة ذكية,109,غير متاح,56,9.5,3225.34
PRD0321,تلفاز ذكي,113,2.7,64,9.4,32330.65
PRD0322,مكيف هواء,113,4.7,غير متاح,2.6,22468.42
PRD0323,كاميرا رقمية,224,3.5,151,غير متاح,10181.12
PRD0324,ثلاجة,457,1.7,129,6.2,19509.21
PRD0325,كاميرا رقمية,374,4.4,168,5.1,غير متاح
PRD0326,حاسوب محمول,237,3.1,189,9.3,12793.77
PRD0327,تلفاز ذكي,294,4.7,104,6.6,12401.21
PRD0328,طابعة ليزر,152,غير متاح,73,6.6,1959.4
PRD0329,ميكروويف,155,غير متاح,129,3.5,غير متاح
PRD0330,مكيف هواء,185,1.8,160,6.5,28310.18
PRD0331,كاميرا رقمية,172,2.0,63,7.0,10415.01
PRD0332,طابعة ليزر,89,3.8,36,غير متاح,2144.57
PRD0333,ثلاجة,88,3.7,26,4.7,17706.09
PRD0334,كاميرا رقمية,88,2.9,70,غير متاح,1945.08
PRD0335,لوحة مفاتيح,غير متاح,4.6,62,9.7,167.41
PRD0336,طابعة ليزر,غير متاح,4.1,184,3.8,2207.62
PRD0337,ميكروويف,60,1.7,88,9.9,1664.01
PRD0338,غسالة,غير متاح,1.6,46,7.1,6250.19
PRD0339,لوحة مفاتيح,256,4.5,62,5.6,131.7
PRD0340,ساعة ذكية,499,3.3,74,4.3,1658.82
PRD0341,طابعة ليزر,116,1.7,159,7.4,1513.53
PRD0342,حاسوب محمول,166,3.1,79,1.6,21836.6
PRD0343,ساعة ذكية,458,3.2,114,3.1,4337.96
PRD0344,كاميرا رقمية,324,2.5,75,7.5,7993.32
PRD0345,ثلاجة,126,1.9,26,8.0,6772.49
PRD0346,تلفاز ذكي,183,2.0,133,3.0,32739.33
PRD0347,تلفاز ذكي,65,3.5,166,9.8,9645.56
PRD0348,هاتف ذكي,357,3.1,193,9.9,5142.95
PRD0349,طابعة ليزر,428,3.7,72,5.1,2180.49
PRD0350,مكيف هواء,451,1.2,191,7.7,28870.06
PRD0351,هاتف ذكي,غير متاح,3.1,غير متاح,1.7,15530.74
PRD0352,مكيف هواء,446,2.7,164,3.9,19224.67
PRD0353,لوحة مفاتيح,263,4.6,176,7.6,356.4
PRD0354,هاتف ذكي,210,3.6,25,9.3,غير متاح
PRD0355,تلفاز ذكي,305,2.4,47,8.2,30960.9
PRD0356,سماعات بلوتوث,غير متاح,2.5,182,9.4,661.13
PRD0357,ثلاجة,315,غير متاح,72,9.3,9876.66
PRD0358,طابعة ليزر,417,4.7,71,غير متاح,1914.14
PRD0359,سماعات بلوتوث,157,3.0,148,7.3,1908.61
PRD0360,لوحة مفاتيح,260,4.8,145,8.3,707.36
PRD0361,لوحة مفاتيح,60,1.5,62,0.7,535.77
PRD0362,كاميرا رقمية,438,2.7,41,2.1,11206.87
PRD0363,غسالة,377,غير متاح,32,2.8,4821.44
PRD0364,طابعة ليزر,81,1.9,193,7.7,3595.78
PRD0365,لوحة مفاتيح,52,4.3,49,3.9,156.08
PRD0366,حاسوب محمول,140,1.5,47,2.8,25306.31
PRD0367,مكيف هواء,246,غير متاح,170,9.1,12521.48
PRD0368,غسالة,365,1.7,49,6.4,10435.51
PRD0369,كاميرا رقمية,201,1.4,84,1.2,غير متاح
PRD0370,غسالة,273,2.1,34,8.2,3668.14
PRD0371,لوحة مفاتيح,355,4.3,72,9.0,672.33
PRD0372,مكيف هواء,281,2.7,175,5.9,8224.14
PRD0373,مكيف هواء,436,3.6,179,9.3,16849.59
PRD0374,لوحة مفاتيح,غير متاح,3.4,غير متاح,3.2,454.07
PRD0375,هاتف ذكي,255,2.7,59,4.1,14079.36
PRD0376,هاتف ذكي,304,3.9,156,4.5,4104.19
PRD0377,ميكروويف,271,3.7,97,7.3,3365.04
PRD0378,هاتف ذكي,329,4.6,96,4.2,9757.44
PRD0379,ساعة ذكية,224,1.1,غير متاح,2.5,1169.75
PRD0380,غسالة,66,1.3,143,9.8,10410.97
PRD0381,كاميرا رقمية,441,غير متاح,84,9.4,2288.15
PRD0382,مكيف هواء,408,1.5,54,5.3,20732.25
PRD0383,حاسوب محمول,446,2.1,103,1.8,24339.93
PRD0384,حاسوب محمول,285,1.0,73,2.3,24117.39
PRD0385,حاسوب محمول,484,2.7,122,5.9,19655.02
PRD0386,ميكروويف,53,4.8,161,8.0,2694.54
PRD0387,طابعة ليزر,485,2.7,غير متاح,9.4,3098.0
PRD0388,ميكروويف,417,غير متاح,24,4.4,2384.91
PRD0389,ساعة ذكية,310,3.8,غير متاح,6.0,غير متاح
PRD0390,ساعة ذكية,187,3.0,60,9.9,1737.07
PRD0391,سماعات بلوتوث,177,غير متاح,155,8.1,1510.94
PRD0392,حاسوب محمول,423,2.2,126,غير متاح,16927.61
PRD0393,تلفاز ذكي,غير متاح,1.4,54,4.8,غير متاح
PRD0394,غسالة,436,3.7,126,3.5,6877.0
PRD0395,غسالة,405,2.6,69,2.0,3444.15
PRD0396,مكيف هواء,غير متاح,4.2,22,1.8,24792.12
PRD0397,سماعات بلوتوث,142,5.0,75,3.5,696.49
PRD0398,لوحة مفاتيح,357,3.4,189,7.6,481.26
PRD0399,هاتف ذكي,272,4.6,28,غير متاح,غير متاح
PRD0400,كاميرا رقمية,201,2.0,183,8.6,9270.89
PRD0401,تلفاز ذكي,121,3.5,200,1.1,18554.28
PRD0402,كاميرا رقمية,391,4.3,144,4.7,8573.87
PRD0403,طابعة ليزر,465,1.1,133,0.8,غير متاح
PRD0404,حاسوب محمول,62,غير متاح,135,2.6,17793.91
PRD0405,كاميرا رقمية,213,3.9,115,1.5,10276.16
PRD0406,طابعة ليزر,314,3.6,80,0.5,2106.05
PRD0407,طابعة ليزر,52,3.8,127,1.0,3366.73
PRD0408,مكيف هواء,408,4.2,44,2.4,29254.67
PRD0409,تلفاز ذكي,172,غير متاح,187,غير متاح,10554.48
PRD0410,حاسوب محمول,305,3.6,غير متاح,7.3,8761.89
PRD0411,مكيف هواء,292,1.8,143,3.0,16270.59
PRD0412,مكيف هواء,194,4.2,72,غير متاح,18837.82
PRD0413,كاميرا رقمية,179,3.0,168,غير متاح,3994.47
PRD0414,ثلاجة,192,1.2,150,3.9,12864.99
PRD0415,سماعات بلوتوث,111,3.1,غير متاح,غير متاح,750.22
PRD0416,لوحة مفاتيح,271,غير متاح,116,5.1,786.12
PRD0417,طابعة ليزر,205,4.1,33,6.3,4345.11
PRD0418,غسالة,255,1.2,138,7.8,3983.98
PRD0419,ساعة ذكية,196,2.8,124,6.6,3727.32
PRD0420,هاتف ذكي,435,4.7,192,1.8,14592.13
PRD0421,هاتف ذكي,389,4.1,56,4.2,6123.04
PRD0422,كاميرا رقمية,325,3.5,158,2.0,10742.07
PRD0423,سماعات بلوتوث,338,3.2,153,7.5,1040.8
PRD0424,طابعة ليزر,497,غير متاح,غير متاح,5.4,4864.6
PRD0425,لوحة مفاتيح,306,2.0,غير متاح,3.5,707.74
PRD0426,ساعة ذكية,470,4.0,49,4.9,662.22
PRD0427,سماعات بلوتوث,165,3.6,73,غير متاح,639.62
PRD0428,لوحة مفاتيح,127,3.9,33,5.3,183.79
PRD0429,تلفاز ذكي,125,غير متاح,41,0.6,29008.53
PRD0430,غسالة,257,3.9,65,4.4,4118.52
PRD0431,طابعة ليزر,212,2.9,188,9.0,2422.45
PRD0432,كاميرا رقمية,303,3.2,178,غير متاح,11838.68
PRD0433,طابعة ليزر,253,3.6,غير متاح,2.9,1036.27
PRD0434,ميكروويف,287,4.4,67,2.4,1622.65
PRD0435,طابعة ليزر,109,3.4,109,4.3,4562.87
PRD0436,ثلاجة,123,3.7,75,9.9,12344.88
PRD0437,لوحة مفاتيح,400,3.2,125,غير متاح,467.52
PRD0438,ساعة ذكية,175,2.7,111,8.3,4415.04
PRD0439,مكيف هواء,128,4.3,176,6.3,13458.82
PRD0440,تلفاز ذكي,384,4.0,143,8.5,39396.14
PRD0441,ثلاجة,غير متاح,4.0,141,9.6,14704.82
PRD0442,ساعة ذكية,446,2.1,72,7.3,2561.08
PRD0443,حاسوب محمول,284,2.2,140,4.9,17199.92
PRD0444,مكيف هواء,غير متاح,3.6,176,9.0,23259.37
PRD0445,حاسوب محمول,113,2.3,183,8.2,غير متاح
PRD0446,ثلاجة,306,4.4,132,5.9,غير متاح
PRD0447,ساعة ذكية,303,1.4,56,1.8,3757.44
PRD0448,لوحة مفاتيح,365,2.9,199,7.9,286.3
PRD0449,حاسوب محمول,432,4.9,164,7.8,10239.27
PRD0450,مكيف هواء,410,3.4,63,8.1,24572.47
PRD0451,لوحة مفاتيح,212,غير متاح,114,1.7,627.28
PRD0452,ثلاجة,113,4.8,124,9.5,12330.99
PRD0453,لوحة مفاتيح,غير متاح,2.7,50,5.7,679.6
PRD0454,تلفاز ذكي,186,4.6,80,3.5,31240.15
PRD0455,ميكروويف,331,2.9,134,2.4,2860.14
PRD0456,مكيف هواء,260,1.8,140,6.0,23052.93
PRD0457,ميكروويف,371,4.5,26,3.4,3319.98
PRD0458,سماعات بلوتوث,290,3.4,30,غير متاح,811.9
PRD0459,ساعة ذكية,178,1.4,123,5.5,4457.5
PRD0460,تلفاز ذكي,65,4.7,141,2.3,26337.98
PRD0461,مكيف هواء,132,4.4,غير متاح,4.2,20523.99
PRD0462,غسالة,447,4.9,187,8.6,6821.76
PRD0463,سماعات بلوتوث,399,4.8,164,3.1,738.1
PRD0464,مكيف هواء,272,4.3,60,1.4,12347.71
PRD0465,ثلاجة,209,4.8,184,غير متاح,18039.16
PRD0466,طابعة ليزر,495,2.8,51,7.8,1284.39
PRD0467,هاتف ذكي,غير متاح,2.1,180,2.9,13795.17
PRD0468,كاميرا رقمية,424,1.1,150,6.3,7662.12
PRD0469,ثلاجة,152,1.2,109,9.1,11915.1
PRD0470,ساعة ذكية,252,4.1,183,9.1,غير متاح
PRD0471,ميكروويف,122,1.6,100,4.4,2145.82
PRD0472,حاسوب محمول,230,غير متاح,173,غير متاح,29293.11
PRD0473,حاسوب محمول,287,3.8,83,1.2,25879.62
PRD0474,ثلاجة,130,4.2,172,6.9,5616.9
PRD0475,طابعة ليزر,272,غير متاح,180,7.2,3190.85
PRD0476,ساعة ذكية,382,2.4,53,0.6,1536.28
PRD0477,كاميرا رقمية,275,1.0,143,0.7,5753.32
PRD0478,طابعة ليزر,349,2.7,53,غير متاح,2826.47
PRD0479,لوحة مفاتيح,165,2.2,24,5.5,350.38
PRD0480,ثلاجة,460,3.4,139,غير متاح,12489.89
PRD0481,ساعة ذكية,124,4.6,67,4.0,1190.12
PRD0482,هاتف ذكي,170,4.5,غير متاح,4.0,12620.44
PRD0483,كاميرا رقمية,353,1.4,149,2.1,غير متاح
PRD0484,سماعات بلوتوث,غير متاح,3.9,83,5.2,غير متاح
PRD0485,حاسوب محمول,325,4.2,104,7.1,12480.86
PRD0486,طابعة ليزر,411,3.4,198,5.2,3077.34
PRD0487,حاسوب محمول,367,4.2,170,8.8,11384.84
PRD0488,حاسوب محمول,94,4.6,138,2.2,13050.29
PRD0489,سماعات بلوتوث,218,2.6,126,غير متاح,780.16
PRD0490,حاسوب محمول,186,1.3,58,1.0,21203.33
PRD0491,ثلاجة,319,2.2,118,2.0,12546.61
PRD0492,غسالة,غير متاح,2.9,غير متاح,غير متاح,11240.28
PRD0493,حاسوب محمول,479,2.7,189,2.3,15160.35
PRD0494,مكيف هواء,52,3.8,89,2.6,16566.42
PRD0495,ساعة ذكية,167,2.3,84,1.8,3153.01
PRD0496,سماعات بلوتوث,غير متاح,2.5,185,غير متاح,1685.82
PRD0497,سماعات بلوتوث,غير متاح,4.8,50,3.6,583.67
PRD0498,ساعة ذكية,333,2.9,80,9.0,3834.12
PRD0499,مكيف هواء,494,2.3,82,5.1,13802.66
PRD0500,سماعات بلوتوث,غير متاح,4.3,31,4.6,579.23
PRD0501,طابعة ليزر,356,3.0,197,غير متاح,1015.12
PRD0502,كاميرا رقمية,339,غير متاح,114,9.9,2250.5
PRD0503,ساعة ذكية,337,2.8,40,9.4,1401.86
PRD0504,هاتف ذكي,491,4.6,197,غير متاح,14809.43
PRD0505,هاتف ذكي,50,غير متاح,37,8.6,9179.67
PRD0506,كاميرا رقمية,108,3.4,67,غير متاح,8620.42
PRD0507,طابعة ليزر,474,2.7,25,7.9,2696.85
PRD0508,طابعة ليزر,297,2.6,146,غير متاح,3848.56
PRD0509,ثلاجة,347,1.3,86,0.7,16360.1
PRD0510,ثلاجة,69,غير متاح,41,2.2,17436.14
PRD0511,حاسوب محمول,429,1.6,60,7.7,12928.48
PRD0512,لوحة مفاتيح,254,غير متاح,179,1.5,608.12
PRD0513,ميكروويف,269,3.5,154,2.9,3238.97
PRD0514,سماعات بلوتوث,95,3.8,34,2.8,772.57
PRD0515,ساعة ذكية,192,1.2,91,5.4,3655.18
PRD0516,مكيف هواء,غير متاح,2.8,31,6.8,28442.51
PRD0517,تلفاز ذكي,غير متاح,3.9,117,غير متاح,16214.13
PRD0518,مكيف هواء,238,2.6,غير متاح,4.6,21659.32
PRD0519,لوحة مفاتيح,350,4.0,63,5.9,425.31
PRD0520,هاتف ذكي,383,3.1,134,9.1,14278.55
PRD0521,ساعة ذكية,468,4.6,34,8.4,2030.49
PRD0522,حاسوب محمول,231,غير متاح,143,3.7,24500.0
PRD0523,ميكروويف,91,4.5,20,غير متاح,2104.65
PRD0524,مكيف هواء,147,3.0,196,2.4,8959.75
PRD0525,تلفاز ذكي,151,4.5,38,4.3,8992.62
PRD0526,مكيف هواء,372,2.4,145,6.3,15017.94
PRD0527,طابعة ليزر,266,1.5,160,0.6,3495.21
PRD0528,ميكروويف,114,4.0,162,غير متاح,2387.17
PRD0529,ثلاجة,215,1.1,109,1.3,15883.17
PRD0530,حاسوب محمول,190,2.6,غير متاح,4.6,14584.05
PRD0531,ثلاجة,489,4.2,136,2.8,14508.15
PRD0532,كاميرا رقمية,296,3.7,36,5.7,7037.55
PRD0533,مكيف هواء,66,3.3,45,5.0,28595.7
PRD0534,مكيف هواء,293,4.2,52,2.5,11396.29
PRD0535,تلفاز ذكي,213,3.2,84,7.3,12091.94
PRD0536,غسالة,486,2.9,174,2.7,12985.85
PRD0537,سماعات بلوتوث,159,4.5,غير متاح,3.3,1424.64
PRD0538,لوحة مفاتيح,100,1.8,131,3.5,327.3
PRD0539,لوحة مفاتيح,218,2.1,126,7.8,645.37
PRD0540,حاسوب محمول,95,4.8,غير متاح,6.6,13041.01
PRD0541,تلفاز ذكي,351,4.2,174,5.8,23601.42
PRD0542,مكيف هواء,50,غير متاح,غير متاح,2.5,20661.56
PRD0543,تلفاز ذكي,493,3.6,92,7.0,27990.01
PRD0544,مكيف هواء,463,غير متاح,86,7.2,27132.58
PRD0545,ثلاجة,325,2.9,123,8.4,غير متاح
PRD0546,لوحة مفاتيح,380,2.7,75,8.9,430.14
PRD0547,ثلاجة,443,غير متاح,141,4.0,19955.2
PRD0548,كاميرا رقمية,غير متاح,3.5,114,6.9,6599.56
PRD0549,حاسوب محمول,404,3.8,141,غير متاح,27241.76
PRD0550,حاسوب محمول,377,غير متاح,47,5.1,17233.25
PRD0551,تلفاز ذكي,492,2.1,55,7.7,16260.85
PRD0552,ثلاجة,226,غير متاح,غير متاح,9.1,7070.0
PRD0553,تلفاز ذكي,463,1.8,22,7.6,20641.58
PRD0554,هاتف ذكي,336,غير متاح,144,غير متاح,9869.09
PRD0555,لوحة مفاتيح,غير متاح,2.0,187,5.3,743.72
PRD0556,ميكروويف,221,4.2,غير متاح,9.7,غير متاح
PRD0557,كاميرا رقمية,141,3.9,51,4.0,1363.63
PRD0558,تلفاز ذكي,171,2.6,33,8.5,23191.15
PRD0559,حاسوب محمول,غير متاح,2.1,135,4.3,24624.34
PRD0560,مكيف هواء,246,غير متاح,112,3.0,29168.68
PRD0561,ميكروويف,382,3.6,78,3.7,2103.04
PRD0562,طابعة ليزر,227,2.4,200,3.5,1593.6
PRD0563,غسالة,184,4.5,22,8.1,9339.18
PRD0564,طابعة ليزر,453,4.3,200,6.6,3479.43
PRD0565,تلفاز ذكي,77,2.4,175,7.5,30320.89
PRD0566,مكيف هواء,472,3.9,45,1.6,7373.39
PRD0567,حاسوب محمول,71,2.2,197,1.4,20607.19
PRD0568,ميكروويف,151,2.8,125,9.2,2320.62
PRD0569,مكيف هواء,264,2.2,200,3.6,7386.32
PRD0570,كاميرا رقمية,151,4.4,50,غير متاح,13510.34
PRD0571,سماعات بلوتوث,484,1.9,55,9.8,889.49
PRD0572,سماعات بلوتوث,108,3.4,غير متاح,5.2,1096.93
PRD0573,مكيف هواء,458,1.8,81,4.3,28626.21
PRD0574,ثلاجة,411,4.0,163,غير متاح,16230.66
PRD0575,ثلاجة,233,3.4,126,9.4,16727.31
PRD0576,ساعة ذكية,غير متاح,1.8,101,8.9,3832.24
PRD0577,طابعة ليزر,290,2.0,66,8.3,2546.43
PRD0578,ساعة ذكية,265,4.8,116,6.3,4646.8
PRD0579,هاتف ذكي,343,4.3,104,6.1,4112.43
PRD0580,سماعات بلوتوث,88,3.3,غير متاح,8.8,1240.32
PRD0581,ثلاجة,157,1.3,152,4.2,12094.17
PRD0582,تلفاز ذكي,414,1.4,56,3.2,34770.6
PRD0583,ساعة ذكية,355,4.2,124,غير متاح,3200.51
PRD0584,سماعات بلوتوث,293,3.6,80,4.3,987.79
PRD0585,تلفاز ذكي,غير متاح,4.9,193,3.3,33856.42
PRD0586,سماعات بلوتوث,156,4.8,122,9.7,877.22
PRD0587,حاسوب محمول,158,4.1,99,6.5,11365.32
PRD0588,حاسوب محمول,398,4.6,176,8.5,غير متاح
PRD0589,ميكروويف,292,غير متاح,37,5.1,3173.68
PRD0590,حاسوب محمول,173,2.1,غير متاح,6.4,10316.2
PRD0591,غسالة,73,4.9,49,3.9,4621.35
PRD0592,غسالة,362,4.8,21,2.2,8142.18
PRD0593,هاتف ذكي,216,3.7,158,1.8,6727.83
PRD0594,كاميرا رقمية,غير متاح,4.9,138,غير متاح,8159.41
PRD0595,تلفاز ذكي,155,4.0,49,غير متاح,20161.64
PRD0596,ساعة ذكية,438,4.2,192,8.4,3274.31
PRD0597,تلفاز ذكي,462,5.0,171,غير متاح,18201.78
PRD0598,ساعة ذكية,211,2.5,96,6.2,3810.1
PRD0599,مكيف هواء,82,3.2,138,1.8,23978.66
PRD0600,غسالة,217,1.2,181,5.5,11358.21
PRD0601,كاميرا رقمية,178,3.8,159,8.3,9149.56
PRD0602,ميكروويف,123,1.7,غير متاح,7.3,1203.31
PRD0603,سماعات بلوتوث,304,غير متاح,73,6.3,1338.19
PRD0604,مكيف هواء,350,4.8,195,5.6,27545.62
PRD0605,طابعة ليزر,غير متاح,غير متاح,178,2.3,غير متاح
PRD0606,سماعات بلوتوث,199,غير متاح,140,3.8,819.32
PRD0607,ساعة ذكية,447,1.3,113,2.5,1720.13
PRD0608,لوحة مفاتيح,448,4.5,95,2.5,329.13
PRD0609,حاسوب محمول,غير متاح,1.6,79,9.9,10276.92
PRD0610,ساعة ذكية,238,2.1,45,4.9,1272.52
PRD0611,تلفاز ذكي,268,3.2,44,1.8,19563.25
PRD0612,طابعة ليزر,479,1.0,30,7.0,2111.91
PRD0613,هاتف ذكي,426,1.5,غير متاح,9.1,7185.47
PRD0614,طابعة ليزر,289,2.3,194,1.8,1691.5
PRD0615,تلفاز ذكي,198,3.9,123,0.9,22009.46
PRD0616,كاميرا رقمية,382,3.2,غير متاح,7.1,13806.0
PRD0617,سماعات بلوتوث,59,1.4,54,8.4,1331.69
PRD0618,كاميرا رقمية,203,غير متاح,86,1.8,3548.46
PRD0619,حاسوب محمول,261,1.5,غير متاح,9.2,28230.9
PRD0620,حاسوب محمول,124,5.0,71,6.4,22149.65
PRD0621,تلفاز ذكي,138,1.2,غير متاح,7.3,36447.98
PRD0622,هاتف ذكي,غير متاح,2.7,غير متاح,4.2,17122.64
PRD0623,تلفاز ذكي,297,4.3,140,غير متاح,23999.18
PRD0624,سماعات بلوتوث,غير متاح,4.3,164,5.7,غير متاح
PRD0625,لوحة مفاتيح,غير متاح,3.3,100,4.9,709.38
PRD0626,سماعات بلوتوث,188,4.4,44,9.7,غير متاح
PRD0627,حاسوب محمول,54,1.8,81,7.9,19167.24
PRD0628,هاتف ذكي,377,2.8,51,2.9,15577.46
PRD0629,طابعة ليزر,241,غير متاح,غير متاح,7.3,1252.93
PRD0630,لوحة مفاتيح,268,1.2,40,7.6,261.8
PRD0631,هاتف ذكي,205,4.6,181,6.0,غير متاح
PRD0632,سماعات بلوتوث,85,2.6,94,2.6,1914.71
PRD0633,تلفاز ذكي,255,غير متاح,29,2.3,23588.25
PRD0634,ميكروويف,70,3.8,54,2.7,3119.78
PRD0635,مكيف هواء,213,1.3,75,1.7,28453.94
PRD0636,ثلاجة,499,2.4,191,1.5,5501.1
PRD0637,ساعة ذكية,464,1.9,47,1.4,999.21
PRD0638,لوحة مفاتيح,193,4.0,200,4.8,427.26
PRD0639,هاتف ذكي,381,2.3,196,9.7,17034.14
PRD0640,لوحة مفاتيح,غير متاح,1.3,28,1.9,763.49
PRD0641,ساعة ذكية,غير متاح,3.9,55,7.0,2169.34
PRD0642,ساعة ذكية,غير متاح,4.9,176,8.6,3947.45
PRD0643,تلفاز ذكي,237,3.3,169,8.6,غير متاح
PRD0644,هاتف ذكي,170,2.1,50,غير متاح,3481.34
PRD0645,ثلاجة,270,5.0,52,4.8,12696.8
PRD0646,ساعة ذكية,469,3.9,147,8.4,1691.32
PRD0647,لوحة مفاتيح,275,1.5,192,4.7,غير متاح
PRD0648,طابعة ليزر,325,1.3,143,9.2,4622.71
PRD0649,طابعة ليزر,63,4.1,176,5.3,4156.12
PRD0650,كاميرا رقمية,164,2.6,28,2.6,4613.9
PRD0651,طابعة ليزر,437,1.4,45,3.7,1614.39
PRD0652,حاسوب محمول,277,3.5,45,3.2,27202.93
PRD0653,لوحة مفاتيح,183,2.0,177,غير متاح,666.75
PRD0654,لوحة مفاتيح,119,4.7,80,غير متاح,405.0
PRD0655,ثلاجة,457,1.8,32,0.6,15110.61
PRD0656,طابعة ليزر,212,1.1,160,5.5,3340.03
PRD0657,ساعة ذكية,51,4.7,150,2.4,1924.88
PRD0658,ساعة ذكية,321,غير متاح,26,6.3,1440.87
PRD0659,هاتف ذكي,غير متاح,غير متاح,154,5.5,غير متاح
PRD0660,حاسوب محمول,209,1.8,68,5.8,8382.33
PRD0661,لوحة مفاتيح,406,2.1,غير متاح,3.1,163.46
PRD0662,هاتف ذكي,300,3.1,124,1.5,18954.63
PRD0663,سماعات بلوتوث,208,غير متاح,164,2.7,594.2
PRD0664,تلفاز ذكي,142,3.7,147,9.4,37346.64
PRD0665,مكيف هواء,471,4.6,150,9.4,8956.27
PRD0666,كاميرا رقمية,66,1.2,155,4.0,6970.65
PRD0667,سماعات بلوتوث,211,3.1,153,0.9,1215.94
PRD0668,ساعة ذكية,350,4.6,184,1.3,3594.37
PRD0669,حاسوب محمول,264,3.2,177,6.2,10531.58
PRD0670,مكيف هواء,336,غير متاح,103,6.4,غير متاح
PRD0671,تلفاز ذكي,206,4.3,50,5.8,16049.46
PRD0672,غسالة,غير متاح,3.4,132,4.5,11892.31
PRD0673,ثلاجة,372,2.0,60,3.8,13119.12
PRD0674,طابعة ليزر,413,2.8,139,1.4,3724.86
PRD0675,ساعة ذكية,268,3.1,غير متاح,غير متاح,4757.56
PRD0676,لوحة مفاتيح,480,1.3,155,1.3,721.83
PRD0677,ميكروويف,427,3.5,132,1.1,2889.67
PRD0678,طابعة ليزر,106,2.9,148,غير متاح,2768.16
PRD0679,غسالة,120,1.4,172,6.3,5350.4
PRD0680,هاتف ذكي,390,3.8,129,3.6,7899.0
PRD0681,ثلاجة,453,1.8,23,غير متاح,18693.35
PRD0682,غسالة,81,2.1,غير متاح,7.0,11215.1
PRD0683,هاتف ذكي,134,3.9,غير متاح,1.8,10389.56
PRD0684,ثلاجة,134,1.1,64,6.2,17230.18
PRD0685,تلفاز ذكي,476,1.9,60,0.7,25071.24
PRD0686,سماعات بلوتوث,158,2.5,169,9.7,غير متاح
PRD0687,لوحة مفاتيح,غير متاح,4.7,98,9.9,259.56
PRD0688,تلفاز ذكي,163,4.4,96,3.9,31060.59
PRD0689,طابعة ليزر,246,3.6,198,9.3,1246.14
PRD0690,حاسوب محمول,140,1.9,54,5.5,19946.07
PRD0691,كاميرا رقمية,484,2.3,55,غير متاح,12301.84
PRD0692,حاسوب محمول,58,2.0,137,غير متاح,9502.69
PRD0693,ساعة ذكية,430,غير متاح,152,غير متاح,غير متاح
PRD0694,تلفاز ذكي,164,1.9,159,4.3,18414.06
PRD0695,مكيف هواء,113,3.5,132,6.6,10743.29
PRD0696,طابعة ليزر,307,2.6,54,2.0,4995.34
PRD0697,ساعة ذكية,171,3.9,123,7.9,2477.75
PRD0698,حاسوب محمول,492,3.8,125,8.4,20813.88
PRD0699,سماعات بلوتوث,190,1.0,188,3.1,351.03
PRD0700,كاميرا رقمية,400,2.7,36,2.4,14071.41
PRD0701,طابعة ليزر,غير متاح,2.9,84,0.7,4176.45
PRD0702,هاتف ذكي,255,1.1,48,2.3,غير متاح
PRD0703,ميكروويف,452,2.3,132,6.6,949.97
PRD0704,مكيف هواء,368,3.5,63,9.9,17441.06
PRD0705,طابعة ليزر,485,1.8,103,1.5,3883.09
PRD0706,غسالة,54,3.2,102,8.1,غير متاح
PRD0707,غسالة,401,2.6,33,2.6,7365.56
PRD0708,لوحة مفاتيح,87,3.1,183,7.7,525.81
PRD0709,كاميرا رقمية,350,2.4,152,5.7,غير متاح
PRD0710,سماعات بلوتوث,453,2.8,27,7.6,1604.23
PRD0711,مكيف هواء,479,3.6,94,1.7,24073.0
PRD0712,مكيف هواء,263,4.3,142,1.0,22125.69
PRD0713,ميكروويف,261,4.7,164,3.0,3159.48
PRD0714,لوحة مفاتيح,غير متاح,2.2,83,8.9,174.19
PRD0715,لوحة مفاتيح,251,1.8,104,3.7,غير متاح
PRD0716,هاتف ذكي,323,1.8,139,5.7,10459.6
PRD0717,طابعة ليزر,228,3.6,186,7.3,2642.52
PRD0718,كاميرا رقمية,305,غير متاح,88,4.9,4656.25
PRD0719,لوحة مفاتيح,265,1.6,70,4.1,105.95
PRD0720,غسالة,416,4.6,113,0.5,10427.95
PRD0721,طابعة ليزر,227,3.2,132,9.8,3362.17
PRD0722,كاميرا رقمية,267,غير متاح,169,0.8,12366.31
PRD0723,تلفاز ذكي,270,2.4,105,6.9,غير متاح
PRD0724,هاتف ذكي,116,2.8,127,3.2,17253.75
PRD0725,غسالة,92,2.2,33,9.4,14351.09
PRD0726,ساعة ذكية,148,2.3,34,4.0,4556.98
PRD0727,تلفاز ذكي,85,2.6,42,7.0,36094.83
PRD0728,هاتف ذكي,91,3.7,70,6.6,3098.87
PRD0729,سماعات بلوتوث,غير متاح,4.4,120,5.9,414.66
PRD0730,طابعة ليزر,93,غير متاح,89,غير متاح,4494.93
PRD0731,حاسوب محمول,193,3.7,190,غير متاح,9141.05
PRD0732,غسالة,468,1.8,126,7.4,3430.34
PRD0733,طابعة ليزر,123,3.1,144,1.8,1175.76
PRD0734,سماعات بلوتوث,156,4.3,191,2.4,416.96
PRD0735,ثلاجة,غير متاح,1.9,132,3.7,10274.72
PRD0736,طابعة ليزر,138,3.1,160,9.9,2854.51
PRD0737,ثلاجة,غير متاح,1.7,73,7.6,غير متاح
PRD0738,سماعات بلوتوث,432,2.4,غير متاح,8.2,1209.03
PRD0739,هاتف ذكي,55,2.0,144,9.3,غير متاح
PRD0740,ثلاجة,425,3.7,44,3.8,غير متاح
PRD0741,لوحة مفاتيح,126,1.3,161,0.7,523.59
PRD0742,مكيف هواء,387,1.4,133,8.6,11647.97
PRD0743,هاتف ذكي,183,1.6,196,4.6,19748.51
PRD0744,ساعة ذكية,201,2.7,121,4.0,غير متاح
PRD0745,سماعات بلوتوث,148,3.2,42,3.5,647.8
PRD0746,ميكروويف,173,2.7,136,1.0,1571.24
PRD0747,هاتف ذكي,203,3.0,158,7.6,17273.89
PRD0748,ساعة ذكية,318,2.0,غير متاح,4.7,2334.76
PRD0749,حاسوب محمول,345,3.4,98,6.4,27249.68
PRD0750,ساعة ذكية,453,2.9,45,2.5,2697.53
PRD0751,ميكروويف,273,2.7,88,غير متاح,1876.92
PRD0752,تلفاز ذكي,281,1.8,192,6.9,38207.31
PRD0753,غسالة,170,3.7,غير متاح,2.4,7368.05
PRD0754,غسالة,438,4.4,175,7.2,غير متاح
PRD0755,طابعة ليزر,228,2.7,181,4.5,1969.7
PRD0756,مكيف هواء,294,3.2,غير متاح,9.8,22711.37
PRD0757,ثلاجة,418,3.1,191,1.9,9321.5
PRD0758,غسالة,271,2.7,39,10.0,6024.83
PRD0759,كاميرا رقمية,336,2.8,100,3.4,2092.61
PRD0760,تلفاز ذكي,425,2.2,168,غير متاح,غير متاح
PRD0761,لوحة مفاتيح,78,3.8,193,غير متاح,515.44
PRD0762,حاسوب محمول,392,5.0,139,5.5,21821.9
PRD0763,طابعة ليزر,463,2.8,106,2.0,3206.54
PRD0764,ميكروويف,348,2.1,غير متاح,3.6,2433.27
PRD0765,ثلاجة,373,غير متاح,25,غير متاح,7353.56
PRD0766,غسالة,282,2.0,96,7.9,11364.19
PRD0767,هاتف ذكي,494,غير متاح,99,1.2,4977.05
PRD0768,مكيف هواء,326,1.4,42,8.2,غير متاح
PRD0769,سماعات بلوتوث,53,4.1,43,غير متاح,1564.85
PRD0770,هاتف ذكي,424,3.7,غير متاح,غير متاح,10619.38
PRD0771,كاميرا رقمية,406,غير متاح,25,4.8,غير متاح
PRD0772,طابعة ليزر,345,4.4,غير متاح,8.8,3105.12
PRD0773,ساعة ذكية,121,1.6,92,2.3,1677.45
PRD0774,ميكروويف,58,1.1,106,غير متاح,2119.04
PRD0775,هاتف ذكي,97,1.5,194,غير متاح,غير متاح
PRD0776,حاسوب محمول,246,غير متاح,174,7.8,12319.53
PRD0777,تلفاز ذكي,53,4.5,57,1.5,غير متاح
PRD0778,سماعات بلوتوث,112,1.7,112,غير متاح,525.39
PRD0779,ميكروويف,261,5.0,27,1.6,غير متاح
PRD0780,تلفاز ذكي,316,4.8,146,7.5,23284.28
PRD0781,لوحة مفاتيح,116,1.2,191,غير متاح,110.11
PRD0782,ميكروويف,179,1.8,186,2.9,3016.86
PRD0783,سماعات بلوتوث,328,4.6,185,4.5,631.94
PRD0784,ساعة ذكية,99,3.7,110,6.7,2313.32
PRD0785,كاميرا رقمية,غير متاح,2.3,117,6.6,12468.93
PRD0786,هاتف ذكي,غير متاح,1.1,66,4.2,3492.85
PRD0787,غسالة,91,2.6,غير متاح,3.1,6946.06
PRD0788,حاسوب محمول,53,4.6,105,8.2,12901.4
PRD0789,سماعات بلوتوث,302,1.4,123,غير متاح,510.44
PRD0790,غسالة,330,2.1,104,3.3,6975.22
PRD0791,لوحة مفاتيح,غير متاح,5.0,166,9.0,565.89
PRD0792,ميكروويف,183,2.9,غير متاح,1.6,2699.64
PRD0793,مكيف هواء,488,4.9,غير متاح,غير متاح,29633.11
PRD0794,كاميرا رقمية,469,4.9,126,9.9,1037.3
PRD0795,ميكروويف,352,4.7,108,9.9,3240.72
PRD0796,ساعة ذكية,79,2.9,180,6.6,4250.4
PRD0797,ميكروويف,131,3.0,37,2.4,3608.38
PRD0798,طابعة ليزر,258,4.1,139,غير متاح,4539.56
PRD0799,ميكروويف,109,2.5,33,1.5,2066.05
PRD0800,هاتف ذكي,380,4.0,200,1.2,18430.46
PRD0801,هاتف ذكي,174,2.1,199,4.5,غير متاح
PRD0802,غسالة,262,3.6,59,5.4,7293.48
PRD0803,سماعات بلوتوث,180,4.1,196,غير متاح,غير متاح
PRD0804,سماعات بلوتوث,74,3.1,61,5.5,غير متاح
PRD0805,حاسوب محمول,366,1.5,غير متاح,9.9,20669.77
PRD0806,مكيف هواء,368,2.1,46,غير متاح,8966.38
PRD0807,غسالة,429,4.1,88,8.2,8608.39
PRD0808,حاسوب محمول,429,غير متاح,126,2.1,27312.39
PRD0809,حاسوب محمول,غير متاح,3.6,193,7.9,8937.52
PRD0810,طابعة ليزر,489,1.0,25,7.6,1920.94
PRD0811,ميكروويف,غير متاح,4.3,غير متاح,3.4,1811.71
PRD0812,طابعة ليزر,317,غير متاح,غير متاح,7.4,4824.23
PRD0813,ثلاجة,180,1.8,93,3.6,12514.78
PRD0814,لوحة مفاتيح,306,3.2,66,6.0,271.72
PRD0815,حاسوب محمول,223,2.4,غير متاح,1.3,8392.34
PRD0816,ساعة ذكية,322,2.4,56,7.2,1677.69
PRD0817,ثلاجة,93,4.9,غير متاح,1.0,غير متاح
PRD0818,ثلاجة,357,غير متاح,27,0.7,5449.65
PRD0819,غسالة,178,غير متاح,61,6.0,4107.28
PRD0820,هاتف ذكي,444,2.3,70,9.4,11855.0
PRD0821,ساعة ذكية,329,1.0,غير متاح,3.4,2024.54
PRD0822,سماعات بلوتوث,413,2.0,88,7.9,834.27
PRD0823,ثلاجة,229,4.4,144,غير متاح,17473.66
PRD0824,مكيف هواء,58,2.5,101,2.6,22452.81
PRD0825,حاسوب محمول,497,4.4,150,9.2,19861.34
PRD0826,طابعة ليزر,334,غير متاح,122,4.1,2804.13
PRD0827,ثلاجة,206,4.2,134,0.7,7934.49
PRD0828,ميكروويف,270,4.6,68,8.5,1282.41
PRD0829,ميكروويف,149,1.6,114,7.1,2418.07
PRD0830,كاميرا رقمية,غير متاح,1.4,188,1.7,9562.0
PRD0831,مكيف هواء,497,1.5,91,4.6,8747.84
PRD0832,هاتف ذكي,450,2.7,غير متاح,2.3,9048.73
PRD0833,ميكروويف,137,3.8,113,7.6,2438.23
PRD0834,غسالة,443,4.1,117,5.3,12549.83
PRD0835,لوحة مفاتيح,215,5.0,78,غير متاح,359.56
PRD0836,ساعة ذكية,175,1.8,34,2.1,1469.62
PRD0837,هاتف ذكي,غير متاح,1.3,118,2.2,10088.83
PRD0838,لوحة مفاتيح,298,3.2,غير متاح,6.2,212.41
PRD0839,هاتف ذكي,497,2.6,145,1.1,12509.79
PRD0840,ثلاجة,88,1.9,65,6.8,10757.37
PRD0841,كاميرا رقمية,437,4.3,117,6.0,11862.64
PRD0842,ثلاجة,481,غير متاح,38,6.9,11298.74
PRD0843,طابعة ليزر,106,2.3,89,3.8,1693.33
PRD0844,هاتف ذكي,391,غير متاح,105,0.5,10295.92
PRD0845,كاميرا رقمية,201,1.4,112,6.1,غير متاح
PRD0846,حاسوب محمول,97,1.6,70,0.7,22106.83
PRD0847,ميكروويف,193,2.0,155,7.4,2561.53
PRD0848,سماعات بلوتوث,غير متاح,2.8,53,6.8,447.05
PRD0849,غسالة,178,3.0,181,9.0,7823.88
PRD0850,غسالة,326,غير متاح,191,3.1,11393.96
PRD0851,سماعات بلوتوث,485,2.7,113,1.7,1159.22
PRD0852,سماعات بلوتوث,208,3.3,165,9.9,1819.9
PRD0853,تلفاز ذكي,400,2.3,161,8.6,28182.59
PRD0854,ثلاجة,366,4.2,136,غير متاح,5638.9
PRD0855,لوحة مفاتيح,174,4.9,154,2.6,غير متاح
PRD0856,تلفاز ذكي,غير متاح,2.1,غير متاح,9.5,37172.04
PRD0857,كاميرا رقمية,260,2.0,86,7.2,5727.4
PRD0858,سماعات بلوتوث,232,2.0,183,6.5,740.67
PRD0859,غسالة,126,2.6,91,2.3,13934.66
PRD0860,سماعات بلوتوث,427,4.2,44,4.3,1500.75
PRD0861,غسالة,398,2.1,113,6.9,12347.44
PRD0862,لوحة مفاتيح,466,1.5,64,8.1,632.81
PRD0863,غسالة,267,3.7,153,8.7,12137.91
PRD0864,غسالة,158,3.2,133,5.1,6651.35
PRD0865,هاتف ذكي,181,3.1,48,2.0,11515.47
PRD0866,لوحة مفاتيح,350,1.4,149,4.0,763.62
PRD0867,غسالة,496,1.8,190,4.2,5553.41
PRD0868,غسالة,361,3.1,118,4.1,3976.8
PRD0869,ساعة ذكية,421,4.5,20,0.8,526.12
PRD0870,حاسوب محمول,111,1.6,129,غير متاح,21473.95
PRD0871,هاتف ذكي,389,4.4,109,غير متاح,غير متاح
PRD0872,حاسوب محمول,164,2.6,95,8.4,10216.46
PRD0873,ميكروويف,479,1.7,196,3.5,712.1
PRD0874,ساعة ذكية,485,4.0,128,1.9,3179.25
PRD0875,طابعة ليزر,325,2.6,غير متاح,3.7,3514.21
PRD0876,غسالة,140,2.6,35,6.1,8552.38
PRD0877,تلفاز ذكي,250,غير متاح,117,7.9,8769.49
PRD0878,ميكروويف,269,2.0,56,غير متاح,2849.41
PRD0879,ثلاجة,479,4.0,غير متاح,9.7,غير متاح
PRD0880,هاتف ذكي,440,2.5,33,3.9,15630.96
PRD0881,ميكروويف,274,2.1,115,2.0,3793.36
PRD0882,تلفاز ذكي,466,1.1,83,3.8,35242.94
PRD0883,كاميرا رقمية,421,غير متاح,86,غير متاح,14175.0
PRD0884,طابعة ليزر,365,1.6,141,4.8,3859.78
PRD0885,كاميرا رقمية,غير متاح,2.3,105,2.3,6034.22
PRD0886,كاميرا رقمية,175,4.7,23,7.0,13740.33
PRD0887,حاسوب محمول,247,4.3,61,7.8,29574.46
PRD0888,سماعات بلوتوث,377,2.8,119,8.9,751.16
PRD0889,تلفاز ذكي,191,3.1,153,5.3,20741.99
PRD0890,حاسوب محمول,84,غير متاح,157,1.6,9418.08
PRD0891,ساعة ذكية,117,3.2,23,8.3,غير متاح
PRD0892,طابعة ليزر,319,1.2,46,6.5,4336.37
PRD0893,ساعة ذكية,163,غير متاح,127,2.7,4366.11
PRD0894,ميكروويف,275,1.0,141,0.7,3953.19
PRD0895,ثلاجة,87,3.3,111,8.5,5608.83
PRD0896,ميكروويف,غير متاح,2.0,38,غير متاح,1118.22
PRD0897,ميكروويف,315,2.9,199,5.7,3674.06
PRD0898,ساعة ذكية,428,3.3,151,3.4,1667.11
PRD0899,لوحة مفاتيح,298,2.0,40,غير متاح,308.81
PRD0900,تلفاز ذكي,266,2.5,31,6.3,12300.95
PRD0901,طابعة ليزر,205,3.0,غير متاح,9.7,4658.06
PRD0902,ميكروويف,259,3.7,113,9.1,2976.0
PRD0903,غسالة,258,1.6,93,3.3,5070.55
PRD0904,لوحة مفاتيح,94,1.8,56,2.9,787.02
PRD0905,غسالة,142,4.2,180,9.1,3268.72
PRD0906,تلفاز ذكي,465,غير متاح,180,3.0,غير متاح
PRD0907,مكيف هواء,305,3.0,105,9.6,28838.78
PRD0908,ساعة ذكية,غير متاح,4.8,غير متاح,9.4,2896.19
PRD0909,ساعة ذكية,غير متاح,1.8,110,غير متاح,913.52
PRD0910,غسالة,197,3.3,33,3.2,غير متاح
PRD0911,سماعات بلوتوث,379,3.9,92,6.9,غير متاح
PRD0912,تلفاز ذكي,149,1.7,65,9.7,22642.04
PRD0913,طابعة ليزر,211,3.2,غير متاح,9.0,4136.76
PRD0914,طابعة ليزر,غير متاح,1.9,27,3.7,3170.5
PRD0915,حاسوب محمول,296,4.9,30,5.1,28502.86
PRD0916,مكيف هواء,286,3.8,49,1.0,13127.62
PRD0917,حاسوب محمول,293,3.6,59,3.1,8058.84
PRD0918,ميكروويف,172,3.2,111,1.3,928.05
PRD0919,حاسوب محمول,300,1.4,88,7.7,14531.71
PRD0920,كاميرا رقمية,302,2.3,غير متاح,6.3,6453.04
PRD0921,مكيف هواء,263,غير متاح,187,8.5,8060.68
PRD0922,كاميرا رقمية,129,2.7,62,1.4,9783.59
PRD0923,تلفاز ذكي,405,غير متاح,82,2.8,17989.52
PRD0924,طابعة ليزر,274,2.3,173,8.6,2976.61
PRD0925,مكيف هواء,107,1.3,189,5.4,غير متاح
PRD0926,مكيف هواء,146,2.3,178,0.9,8264.56
PRD0927,لوحة مفاتيح,133,3.0,غير متاح,2.8,556.63
PRD0928,ثلاجة,325,2.6,30,8.3,14535.32
PRD0929,ميكروويف,غير متاح,4.1,24,2.3,3058.72
PRD0930,كاميرا رقمية,265,1.3,113,8.3,6269.0
PRD0931,مكيف هواء,450,3.5,49,3.8,22663.58
PRD0932,لوحة مفاتيح,267,4.5,155,3.3,163.07
PRD0933,تلفاز ذكي,179,2.4,126,2.2,37866.93
PRD0934,ساعة ذكية,489,4.3,159,2.5,2726.46
PRD0935,طابعة ليزر,448,4.3,129,6.2,4933.28
PRD0936,حاسوب محمول,383,2.1,102,9.2,20181.79
PRD0937,حاسوب محمول,52,4.9,38,10.0,15352.82
PRD0938,ميكروويف,156,3.5,121,0.5,1212.38
PRD0939,طابعة ليزر,471,3.5,146,6.3,922.38
PRD0940,لوحة مفاتيح,369,4.9,42,غير متاح,602.76
PRD0941,ساعة ذكية,437,2.6,26,1.5,2747.14
PRD0942,هاتف ذكي,426,4.3,غير متاح,5.8,19285.6
PRD0943,طابعة ليزر,غير متاح,1.9,152,3.0,4760.96
PRD0944,حاسوب محمول,غير متاح,3.0,153,6.9,23893.69
PRD0945,لوحة مفاتيح,404,4.8,148,9.1,124.4
PRD0946,كاميرا رقمية,439,3.3,36,5.1,5900.08
PRD0947,ثلاجة,428,1.2,97,1.9,غير متاح
PRD0948,ساعة ذكية,77,3.1,27,1.0,517.28
PRD0949,طابعة ليزر,72,3.5,120,4.4,2279.55
PRD0950,كاميرا رقمية,383,4.6,190,2.9,4984.09
PRD0951,ميكروويف,225,3.2,182,غير متاح,3629.35
PRD0952,ساعة ذكية,165,1.4,غير متاح,5.8,504.92
PRD0953,تلفاز ذكي,118,1.6,85,9.8,33662.8
PRD0954,ساعة ذكية,423,4.8,153,9.1,1746.1
PRD0955,كاميرا رقمية,197,غير متاح,150,7.1,غير متاح
PRD0956,مكيف هواء,غير متاح,4.5,143,5.9,25802.82
PRD0957,تلفاز ذكي,173,3.6,151,5.7,16577.38
PRD0958,لوحة مفاتيح,452,3.8,22,9.4,750.35
PRD0959,مكيف هواء,غير متاح,2.5,28,1.5,14380.95
PRD0960,ثلاجة,66,3.5,155,5.4,13705.48
PRD0961,سماعات بلوتوث,208,2.8,112,غير متاح,1138.85
PRD0962,لوحة مفاتيح,187,1.3,56,8.7,443.01
PRD0963,حاسوب محمول,211,1.9,147,9.5,10052.64
PRD0964,غسالة,155,3.2,104,7.6,13331.28
PRD0965,مكيف هواء,113,4.3,52,9.6,21148.69
PRD0966,ثلاجة,غير متاح,غير متاح,140,3.0,غير متاح
PRD0967,تلفاز ذكي,217,1.6,37,5.3,17466.26
PRD0968,مكيف هواء,203,3.7,63,8.9,14566.12
PRD0969,ساعة ذكية,233,4.5,54,8.0,4513.46
PRD0970,حاسوب محمول,غير متاح,2.2,24,3.8,غير متاح
PRD0971,تلفاز ذكي,381,4.4,47,1.2,25060.85
PRD0972,ساعة ذكية,101,3.3,182,6.5,2531.73
PRD0973,تلفاز ذكي,411,2.5,131,2.5,11796.6
PRD0974,طابعة ليزر,318,1.5,غير متاح,7.3,2476.1
PRD0975,سماعات بلوتوث,450,2.7,140,8.0,476.25
PRD0976,مكيف هواء,92,4.1,117,1.9,13020.89
PRD0977,لوحة مفاتيح,299,1.3,159,غير متاح,709.09
PRD0978,كاميرا رقمية,162,3.8,غير متاح,2.8,9654.02
PRD0979,ساعة ذكية,142,1.6,200,1.3,2309.36
PRD0980,كاميرا رقمية,غير متاح,2.5,53,5.6,3192.97
PRD0981,سماعات بلوتوث,290,3.9,177,7.3,1728.89
PRD0982,تلفاز ذكي,156,غير متاح,50,3.6,34514.61
PRD0983,ثلاجة,288,3.4,غير متاح,5.8,14976.47
PRD0984,كاميرا رقمية,360,3.3,113,3.0,غير متاح
PRD0985,سماعات بلوتوث,314,2.0,غير متاح,9.8,837.8
PRD0986,ثلاجة,196,غير متاح,103,3.7,17868.37
PRD0987,سماعات بلوتوث,132,2.4,93,2.6,957.16
PRD0988,ثلاجة,360,1.5,39,غير متاح,19926.95
PRD0989,ساعة ذكية,52,1.0,149,9.8,3341.56
PRD0990,ميكروويف,389,4.6,182,8.9,3651.9
PRD0991,حاسوب محمول,60,غير متاح,23,5.1,10472.9
PRD0992,ثلاجة,غير متاح,1.1,117,6.5,16166.67
PRD0993,طابعة ليزر,غير متاح,1.7,115,4.7,1802.06
PRD0994,مكيف هواء,61,1.3,156,7.0,16475.15
PRD0995,ميكروويف,119,1.8,93,8.5,2528.42
PRD0996,هاتف ذكي,94,4.2,162,1.6,12065.56
PRD0997,مكيف هواء,251,4.6,غير متاح,5.1,20425.57
PRD0998,ميكروويف,188,3.2,123,6.3,702.47
PRD0999,سماعات بلوتوث,378,2.0,66,6.9,1091.61
PRD1000,هاتف ذكي,408,2.3,157,غير متاح,18431.11
